house_id,timestamp,dishwasher_mean,dishwasher_max,dishwasher_min,dishwasher_std,is_on_sum,is_on_mean,P_agg_mean,P_agg_max,external_temperature_mean,internal_temperature_mean,external_humidity_mean,internal_humidity_mean,hour,day_of_week,is_weekend,month,season,time_period,lag_1,lag_2,lag_3,lag_6,lag_12,lag_24,rolling_mean_6h,rolling_std_6h,rolling_mean_24h,diff_1h,diff_24h
12,2023-03-09 09:00:00,0.0,0.0,0.0,0.0,0,0.0,,,15.77784090909091,20.717746212121213,51.48863636363637,74.19696969696969,9,3,0,3,1,1,0.0,0.0,0.0,0.0,0.0,0.0,0.0,0.0,0.0,0.0,0.0
12,2023-03-09 10:00:00,0.0,0.0,0.0,0.0,0,0.0,464.7554447625106,849.5840000000001,16.65408163265306,20.75,47.911078717201164,73.30962099125365,10,3,0,3,1,1,0.0,0.0,0.0,0.0,0.0,0.0,0.0,0.0,0.0,0.0,0.0
12,2023-03-09 12:00:00,3.7092130919220057,4.08,3.31,0.12922465873775085,0,0.0,318.03234324844146,1206.1346428571428,17.574791086350977,20.432646239554316,45.0,72.6866295264624,12,3,0,3,1,1,0.0,0.0,0.0,0.0,0.0,0.0,0.6182021819870009,1.5142799037433383,0.15455054549675024,3.7092130919220057,3.7092130919220057
12,2023-03-09 13:00:00,349.45133678500986,1763.18,0.0,650.1070172797703,198,0.5857988165680473,1472.0774553512726,5678.33,17.59016272189349,20.315923076923077,45.73224852071006,73.24644970414201,13,3,0,3,1,2,3.7092130919220057,0.0,0.0,0.0,0.0,0.0,58.860091646155304,142.36778618144547,14.715022911538826,345.7421236930879,349.45133678500986
12,2023-03-09 14:00:00,390.93613239436615,1762.94,0.0,693.2566187337798,196,0.5521126760563381,982.3709368036502,3411.2,17.138239436619717,20.25,48.49577464788732,73.74929577464789,14,3,0,3,1,2,349.45133678500986,3.7092130919220057,0.0,0.0,0.0,0.0,124.01611371188301,191.14448770124912,31.004028427970752,41.4847956093563,390.93613239436615
12,2023-03-09 15:00:00,2.8388788300835657,4.22,0.0,1.6150679543438249,0,0.0,184.72553413370997,468.3200000000001,16.212952646239554,20.09275766016713,54.74651810584958,74.49860724233983,15,3,0,3,1,2,390.93613239436615,349.45133678500986,3.7092130919220057,0.0,0.0,0.0,124.4892601835636,190.77927480770177,31.1223150458909,-388.0972535642826,2.8388788300835657
12,2023-03-09 16:00:00,3.6123611111111114,4.11,3.17,0.1563850468700768,0,0.0,185.63805687830688,582.1883333333333,14.8375,20.185000000000002,64.75,74.16666666666667,16,3,0,3,1,2,2.8388788300835657,390.93613239436615,349.45133678500986,0.0,0.0,0.0,125.09132036874878,190.31296984193395,31.272830092187196,0.7734822810275457,3.6123611111111114
12,2023-03-09 17:00:00,3.576166666666667,4.05,3.29,0.12931679806521032,0,0.0,327.78362932098764,1217.9291666666668,13.525,,74.0,73.5,17,3,0,3,1,2,3.6123611111111114,2.8388788300835657,390.93613239436615,0.0,0.0,0.0,125.68734814652656,189.84788389827088,31.42183703663164,-0.03619444444444442,3.576166666666667
12,2023-03-16 10:00:00,3.797375,4.58,3.25,0.30605567281251994,0,0.0,1194.9265060185185,2610.4266666666667,14.7625,21.23375,52.875,67.33333333333333,10,3,0,3,1,1,3.8016064814814814,3.7640694444444445,3.5189375000000003,3.6260833333333338,3.7345694444444444,3.4499740740740736,3.6706064814814816,0.13071119458284355,3.6467727563494106,-0.004231481481481225,0.34740092592592653
12,2023-03-16 11:00:00,3.7642152777777778,4.45,3.28,0.29381026112628866,0,0.0,1069.0407633267196,2595.45,14.25,21.298750000000002,59.0,66.625,11,3,0,3,1,1,3.797375,3.8016064814814814,3.7640694444444445,3.587324074074074,3.706022408963585,3.311107076719577,3.700088348765432,0.12809265889624272,3.6656522647268357,-0.03315972222222241,0.4531082010582006
12,2023-03-16 12:00:00,3.544648611111111,3.9,2.9566666666666666,0.15659875026207207,0,0.0,293.35492602996254,1828.56,13.0125,,67.0,67.08333333333333,12,3,0,3,1,1,3.7642152777777778,3.797375,3.8016064814814814,3.5543263888888887,3.744601955307263,3.591194444444444,3.6984753858024693,0.13033648722703844,3.663712855004613,-0.2195666666666667,-0.046545833333333064
12,2023-03-16 13:00:00,371.56759285051066,1738.49,0.0,673.3535657518378,184,0.5125348189415042,942.4299131847725,3369.6400000000003,11.938231197771588,21.459702602230482,74.24373259052925,66.66620241411327,13,3,0,3,1,2,3.544648611111111,3.7642152777777778,3.797375,3.5189375000000003,3.731430555555556,3.5741225626740944,65.03991794422092,150.16730991632224,18.996774116997802,368.0229442393996,367.99347028783654
12,2023-03-16 14:00:00,367.023150462963,1759.36,0.0,675.52654374754,194,0.5388888888888889,812.6939460744638,4117.503333333333,11.3875,21.515,78.75,66.9375,14,3,0,3,1,2,371.56759285051066,3.544648611111111,3.7642152777777778,3.7640694444444445,3.7529003724394787,3.695298611111111,125.583098113974,188.78420906432922,34.135434610824966,-4.54444238754769,363.32785185185185
12,2023-03-16 15:00:00,0.0,0.0,0.0,0.0,0,0.0,282.53382136243386,568.8100000000001,10.9,21.7175,80.0,66.3125,15,3,0,3,1,2,367.023150462963,371.56759285051066,3.544648611111111,3.8016064814814814,3.67808495821727,3.664201388888889,124.94949703372708,189.28040684968832,33.9827595529546,-367.023150462963,-3.664201388888889
12,2023-03-16 16:00:00,0.0,0.0,0.0,0.0,0,0.0,194.05566265419816,342.67333333333335,10.174373259052924,21.78910863509749,80.37604456824512,66.04874651810584,16,3,0,3,1,2,0.0,367.023150462963,371.56759285051066,3.797375,3.6260833333333338,3.5936211699164344,124.31660120039378,189.77223130838127,33.83302533754141,0.0,-3.5936211699164344
12,2023-03-16 17:00:00,0.0,0.0,0.0,0.0,0,0.0,193.61081814564267,715.9633333333334,9.53774373259053,21.891465181058496,81.74930362116991,64.92534818941505,17,3,0,3,1,2,0.0,0.0,367.023150462963,3.7642152777777778,3.587324074074074,3.535925925925926,123.6892319874308,190.25607843557324,33.685695090627824,0.0,-3.535925925925926
12,2023-03-20 10:00:00,3.5696787709497206,3.87,3.17,0.10887218572884409,0,0.0,241.61089711359404,497.294,17.475,21.954916201117317,43.875,56.562150837988824,10,0,0,3,1,1,3.5935863509749306,3.618008356545961,3.536603641456583,3.624484679665738,3.753451388888889,3.6527569444444445,3.5734957236915696,0.03006988102430181,3.6665033533117986,-0.023907580025209985,-0.0830781734947239
12,2023-03-20 11:00:00,3.637944444444445,4.05,3.27,0.1315906424618956,0,0.0,221.84987416904085,402.955,18.325,21.845,41.625,56.5,11,0,0,3,1,1,3.5696787709497206,3.5935863509749306,3.618008356545961,3.5769583333333332,3.7888055555555558,3.638541666666667,3.583660075543422,0.040106738520652066,3.666478469052539,0.06826567349472423,-0.0005972222222219159
12,2023-03-20 12:00:00,3.6654375,4.04,3.34,0.11024156615080168,0,0.0,258.969369212963,864.0500000000001,18.8125,21.798750000000002,40.625,57.375,12,0,0,3,1,1,3.637944444444445,3.5696787709497206,3.5935863509749306,3.5461388888888887,3.7107611731843577,3.5983916666666667,3.6035431773952733,0.04679836245233443,3.669272045441428,0.027493055555555035,0.06704583333333325
12,2023-03-20 13:00:00,659.0599291300098,1763.33,0.0,801.4135752015951,287,0.841642228739003,1425.6188611925709,3481.09,18.96268328445748,21.815,40.37316715542522,57.5,13,0,0,3,1,2,3.6654375,3.637944444444445,3.5696787709497206,3.536603641456583,3.7662777777777774,3.7451041666666667,112.8574307588208,267.5834855314006,30.974056418914056,655.3944916300097,655.3148249633431
12,2023-03-20 14:00:00,2.4266805555555555,93.01,0.0,7.066613459715763,2,0.005555555555555556,188.3096411044974,412.37,18.7125,21.80291666666667,41.375,57.791666666666664,14,0,0,3,1,2,659.0599291300098,3.6654375,3.637944444444445,3.618008356545961,3.7333542246982354,3.754263888888889,112.65887612532241,267.6811802445905,30.91874044669183,-656.6332485744542,-1.3275833333333336
12,2023-03-20 15:00:00,3.739618055555556,4.11,3.41,0.11942167084311238,0,0.0,278.77917235449735,660.5083333333333,17.8375,21.793333333333333,45.375,58.583333333333336,15,0,0,3,1,2,2.4266805555555555,659.0599291300098,3.6654375,3.5935863509749306,3.7303481894150416,3.7788611111111114,112.6832147427525,267.6692866491713,30.917105319377015,1.3129375000000003,-0.03924305555555563
12,2023-03-20 16:00:00,3.6512430555555557,3.97,3.2,0.12669244208713634,0,0.0,203.09299745370373,396.10800000000006,16.187499999999996,21.92125,54.75,58.375,16,0,0,3,1,2,3.739618055555556,2.4266805555555555,659.0599291300098,3.5696787709497206,3.624484679665738,3.613206018518518,112.69680879018681,267.6626388143553,30.91869019592023,-0.08837500000000009,0.038037037037037535
12,2023-03-26 09:00:00,3.6122186495176853,3.96,3.31,0.11829239362454677,0,0.0,333.4466125401929,836.2966666666666,21.077491961414793,21.55209003215434,31.961414790996784,57.69774919614148,9,6,1,3,1,1,3.5621388888888887,3.6437361111111106,3.7089734636871508,3.770691340782123,3.5649847272242225,4.070305555555556,3.655127154738912,0.05980435505466736,3.3739017553843045,0.0500797606287966,-0.4580869060378703
12,2023-03-26 10:00:00,3.5559513888888885,3.87,3.08,0.13514880675431615,0,0.0,433.301933994709,1899.83,21.8875,21.4925,26.875,55.6875,10,6,1,3,1,1,3.6122186495176853,3.5621388888888887,3.6437361111111106,3.7017824074074075,3.638465277777778,3.8452430555555552,3.630821984985826,0.06632869166137158,3.36184793593986,-0.056267260628796834,-0.2892916666666667
12,2023-03-26 11:00:00,3.6582708333333334,3.98,3.31,0.11680540377173727,0,0.0,234.10771507936508,387.1183333333333,22.2375,21.4025,25.0,55.9375,11,6,1,3,1,1,3.5559513888888885,3.6122186495176853,3.5621388888888887,3.7019134078212295,0.0,3.535361111111111,3.6235482225711766,0.05895672963182617,3.3669691743657855,0.10231944444444485,0.1229097222222224
12,2023-03-26 12:00:00,418.4508222222222,1750.98,0.0,669.9793120497193,319,0.8861111111111111,1726.20971114418,5593.47,22.2625,21.377499999999998,25.0,57.25,12,6,1,3,1,1,3.6582708333333334,3.5559513888888885,3.6122186495176853,3.7089734636871508,0.0,3.629506944444444,72.74718968232702,169.3595054811204,20.651190644273193,414.79255138888885,414.8213152777777
12,2023-03-26 13:00:00,352.38119675925924,1760.93,0.0,695.7785294605065,90,0.25,904.7506905753969,3699.7,22.05,21.484375,25.375,58.3125,13,6,1,3,1,2,418.4508222222222,3.6582708333333334,3.5559513888888885,3.6437361111111106,1.9324373259052925,3.773791666666667,130.8700997903517,198.2742873021753,35.17649918979788,-66.06962546296296,348.60740509259256
12,2023-03-26 14:00:00,0.0,0.0,0.0,0.0,0,0.0,247.42347612359552,760.6733333333333,21.575,,26.75,59.15625,14,6,1,3,1,2,352.38119675925924,418.4508222222222,3.6582708333333334,3.5621388888888887,3.7708333333333335,3.8278958333333333,130.2764099755369,198.73651719329226,35.01700353007566,-352.38119675925924,-3.8278958333333333
12,2023-03-26 15:00:00,1.2668194444444445,3.89,0.0,1.729633563896995,0,0.0,274.2990824074074,455.25,20.75,21.75,31.0,59.40625,15,6,1,3,1,2,0.0,352.38119675925924,418.4508222222222,3.6122186495176853,3.770691340782123,4.343916666666667,129.8855101080247,199.03756258509895,34.888791145816406,1.2668194444444445,-3.077097222222222
12,2023-03-26 16:00:00,3.588465277777778,3.9,3.23,0.10697711878814231,0,0.0,292.93526924603174,651.059,19.2875,21.798750000000002,40.125,57.9375,16,6,1,3,1,2,1.2668194444444445,0.0,352.38119675925924,3.5559513888888885,3.7017824074074075,3.9753194444444446,129.89092908950616,199.0334356582208,34.872672222205296,2.321645833333333,-0.3868541666666667
12,2023-04-02 09:00:00,3.577375,3.87,3.24,0.10421171634951874,0,0.0,361.7213755952381,745.0894999999999,17.6125,20.53,50.375,63.0,9,6,1,4,1,1,3.6353333333333335,3.567356481481481,3.6230694444444445,3.738966480446927,3.7244150417827298,3.5413819444444448,3.636420797516635,0.06447637296023981,3.6775343143896375,-0.057958333333333556,0.03599305555555521
12,2023-04-02 10:00:00,3.6381203703703706,4.42,3.29,0.23707913437612405,0,0.0,688.0668321759259,2476.9,17.725,20.702916666666667,51.75,63.416666666666664,10,6,1,4,1,1,3.577375,3.6353333333333335,3.567356481481481,3.7407874617737003,3.702,3.649965181058496,3.6193096156160802,0.0403478525180246,3.6770407806109655,0.060745370370370644,-0.011844810688125484
12,2023-04-02 11:00:00,3.6496041666666668,4.3,3.27,0.18108501399775803,0,0.0,537.1502146825397,2400.77,17.7125,20.45583333333333,52.25,65.52083333333333,11,6,1,4,1,1,3.6381203703703706,3.577375,3.6353333333333335,3.674603064066852,3.728673611111111,3.6261666666666668,3.6151431327160495,0.03433943190364063,3.678017343110966,0.011483796296296145,0.0234375
12,2023-04-02 12:00:00,427.3420947075209,1757.83,0.0,687.220661196652,289,0.8050139275766016,987.8716450457622,3448.4200000000005,18.050139275766018,20.49398328690808,49.49860724233983,66.025069637883,12,6,1,4,1,1,3.6496041666666668,3.6381203703703706,3.577375,3.6230694444444445,3.776638888888889,3.727751396648045,74.23498067656213,172.9864541492878,21.328614981064003,423.69249054085424,423.61434331087287
12,2023-04-02 13:00:00,331.7951353276353,1763.22,0.0,670.601738182771,117,0.3333333333333333,835.2730737271855,3591.593333333333,18.261894586894588,20.415418803418802,46.61894586894587,66.35242165242165,13,6,1,4,1,2,427.3420947075209,3.6496041666666668,3.6381203703703706,3.567356481481481,3.7367366946778713,3.692625,128.93961048425442,196.47356443849938,34.99955291138214,-95.5469593798856,328.1025103276353
12,2023-04-02 14:00:00,0.0,0.0,0.0,0.0,0,0.0,260.92074305555553,539.0433333333333,18.125,,46.75,66.65625,14,6,1,4,1,2,331.7951353276353,427.3420947075209,3.6496041666666668,3.6353333333333335,3.7456267409470754,3.638481894150418,128.33372159536555,196.94230946512647,34.84794949912587,-331.7951353276353,-3.638481894150418
12,2023-04-02 15:00:00,2.8663125,3.95,0.0,1.5128766236987479,0,0.0,290.2249108796296,906.98,17.7,20.44,50.625,66.90625,15,6,1,4,1,2,0.0,331.7951353276353,427.3420947075209,3.577375,3.738966480446927,3.6355277777777775,128.21521117869887,197.03258956236448,34.8158988625518,2.8663125,-0.7692152777777777
12,2023-04-02 16:00:00,3.584131944444444,3.9,3.3,0.10964122273683416,0,0.0,245.58690631613757,422.49,16.825,,58.0,67.17857142857143,16,6,1,4,1,2,2.8663125,0.0,331.7951353276353,3.6381203703703706,3.7407874617737003,3.5427094972067037,128.20621310771122,197.0394176906198,34.81762479785337,0.7178194444444443,0.04142244723774047
12,2023-04-07 09:00:00,3.5937150698602793,3.98,3.27,0.12796404781543816,0,0.0,238.49033329769034,638.7225000000001,13.423203592814373,,49.07634730538922,66.34618263473054,9,4,0,4,1,1,3.5187915407854984,3.509349663784822,3.550432863849765,3.6856215083798887,3.7648539886039885,3.586962290502793,3.5390205328587783,0.038552925740997175,3.6379831072841267,0.07492352907478095,0.006752779357486194
12,2023-04-07 10:00:00,3.6100995975855135,3.99,3.22,0.13368372479023488,0,0.0,238.48825704225354,626.64,14.328169014084507,19.88,44.859154929577464,66.75352112676056,10,4,0,4,1,1,3.5937150698602793,3.5187915407854984,3.509349663784822,3.568923611111111,3.7573672148285153,3.5618105849582173,3.5458831972711784,0.0475543957850205,3.63999514947693,0.016384527725234133,0.048289012627296124
12,2023-04-07 11:00:00,12.102896713615024,89.25,0.0,25.564816439021516,37,0.10422535211267606,224.40984064386316,716.282,14.813028169014084,19.985633802816903,42.24647887323944,66.37323943661971,11,4,0,4,1,1,3.6100995975855135,3.5937150698602793,3.5187915407854984,3.492910447761194,3.7483979885057472,3.583826086956522,4.980880908246817,3.4892884869686775,3.994956425587701,8.49279711602951,8.519070626658502
12,2023-04-07 12:00:00,718.9618078703703,1727.98,0.0,807.003917630569,279,0.775,1451.0503460451978,3642.046666666667,15.0375,20.06,41.0,66.5,12,4,0,4,1,1,12.102896713615024,3.6100995975855135,3.5937150698602793,3.550432863849765,3.765439944134078,3.6372708333333335,124.21611007600023,291.3847471322725,33.800145468797574,706.8589111567553,715.324537037037
12,2023-04-07 13:00:00,0.04290028089887641,15.2725,0.0,0.8094408811198567,0,0.0,273.54394554924244,459.65583333333336,15.025842696629214,20.155969101123596,41.741573033707866,67.05758426966293,13,4,0,4,1,2,718.9618078703703,12.102896713615024,3.6100995975855135,3.509349663784822,3.774666666666667,3.7105763888888887,123.63836851218589,291.6752357045111,33.64732563096466,-718.9189075894715,-3.667676107990012
12,2023-04-07 14:00:00,0.0,0.0,0.0,0.0,0,0.0,252.22882428040856,447.1433333333333,14.750139275766017,,43.749303621169915,66.96458416235575,14,4,0,4,1,2,0.04290028089887641,718.9618078703703,12.102896713615024,3.5187915407854984,3.718938547486034,3.6744487710986085,123.05190325538831,291.96845218755846,33.494223598835546,-0.04290028089887641,-3.6744487710986085
12,2023-04-07 15:00:00,0.7436111111111111,4.0,0.0,1.4772594757355844,0,0.0,302.21571301498125,450.19,14.1625,20.49,47.625,66.20238095238095,15,4,0,4,1,2,0.0,0.04290028089887641,718.9618078703703,3.5937150698602793,3.6856215083798887,3.6165936609686606,122.57688592893014,292.2038983716375,33.37451599259148,0.7436111111111111,-2.8729825498575496
12,2023-04-26 09:00:00,3.5575694444444443,4.27,3.25,0.2143497536528914,0,0.0,510.73321669973546,2612.405,16.0,22.0052,73.0,69.34,9,2,0,4,1,1,3.6408055555555556,3.683875,3.521486111111111,3.620388888888889,3.7752739090064993,3.6819692737430167,3.5892204135716494,0.061549324324731064,3.6357377910992046,-0.08323611111111129,-0.1243998292985724
12,2023-04-26 10:00:00,3.559361111111111,3.88,3.26,0.11162952374966975,0,0.0,204.62182384259256,830.81,16.0,22.0052,73.0,69.34,10,2,0,4,1,1,3.5575694444444443,3.6408055555555556,3.683875,3.583593314763231,3.655587279480037,3.668435754189944,3.5851817129629633,0.06277522395172377,3.631193014304253,0.0017916666666666359,-0.10907464307883297
12,2023-04-26 11:00:00,3.5553749999999997,3.87,3.17,0.11842924353483779,0,0.0,228.2118799272487,523.435,16.0,22.0052,73.0,69.34,11,2,0,4,1,1,3.559361111111111,3.5575694444444443,3.6408055555555556,3.547993055555555,3.6759305555555555,3.6676601671309195,3.586412037037037,0.061967742293668866,3.6265144656737984,-0.003986111111111246,-0.11228516713091974
12,2023-04-26 12:00:00,386.12204841490916,1757.86,0.0,671.8236112304578,234,0.6518105849582173,1600.86835110664,5261.09,16.0,22.0052,73.0,69.34,12,2,0,4,1,1,3.5553749999999997,3.559361111111111,3.5575694444444443,3.521486111111111,3.7443557422969187,3.7098181818181817,67.35317242100338,156.16422746868508,19.56035739205259,382.56667341490913,382.41223023309095
12,2023-04-26 13:00:00,330.82612831439394,1762.05,0.0,650.288024488704,161,0.45738636363636365,856.3448888546799,3256.81,16.0,22.0052,73.0,69.34,13,2,0,4,1,2,386.12204841490916,3.5553749999999997,3.559361111111111,3.683875,3.7166111111111113,3.6381545961002786,121.8768813067357,184.0997228534774,33.193189630314826,-55.29592010051522,327.1879737182937
12,2023-04-26 14:00:00,0.0,0.0,0.0,0.0,0,0.0,234.36780730202946,554.5516666666667,16.0,22.0052,73.0,69.34,14,2,0,4,1,2,330.82612831439394,386.12204841490916,3.5553749999999997,3.6408055555555556,3.6854247910863513,3.5517527932960893,121.27008038080977,184.57276891105636,33.04519993059415,-330.82612831439394,-3.5517527932960893
12,2023-04-26 15:00:00,0.0,0.0,0.0,0.0,0,0.0,207.45895501893938,705.3966666666666,16.0,22.0052,73.0,69.34,15,2,0,4,1,2,0.0,330.82612831439394,386.12204841490916,3.5575694444444443,3.620388888888889,3.5859535367545075,120.67715214006903,185.03168533994557,32.895785199896046,0.0,-3.5859535367545075
12,2023-04-26 16:00:00,1.7130416666666668,3.88,0.0,1.814680611703623,0,0.0,264.7243970899471,581.4116666666666,16.0,22.0052,73.0,69.34,16,2,0,4,1,2,0.0,0.0,330.82612831439394,3.559361111111111,3.583593314763231,3.486194444444444,120.36943223266162,185.26680077913576,32.821903834155314,1.7130416666666668,-1.7731527777777774
12,2023-04-28 20:00:00,3.7451047486033517,4.14,3.41,0.13252677782294733,0,0.0,214.64414315642458,446.5700000000001,16.0,22.0052,73.0,69.34,20,4,0,4,1,3,3.6381302521008405,3.604894957983193,3.629157381615599,3.8474652777777782,3.6343156146179405,3.6972222222222224,3.6725801431369174,0.05633125962984477,3.67927940577508,0.10697449650251123,0.04788252638112933
12,2023-04-28 21:00:00,3.714817415730337,4.07,3.38,0.13433417582443252,0,0.0,131.46957701310862,393.75666666666666,16.0,22.0052,73.0,69.34,21,4,0,4,1,3,3.7451047486033517,3.6381302521008405,3.604894957983193,3.721048611111111,3.6284491745122116,3.6917215854823304,3.671541610573455,0.05530710183417304,3.6802417320354137,-0.030287332873014883,0.023095830248006433
12,2023-04-28 22:00:00,3.714659722222222,4.08,3.39,0.1293609971870866,0,0.0,197.89475972222223,699.5246666666667,16.0,22.0052,73.0,69.34,22,4,0,4,1,3,3.714817415730337,3.7451047486033517,3.6381302521008405,3.6971449074074076,3.675912356321839,3.7688645833333334,3.6744607463759245,0.05735310311895389,3.677983196155784,-0.00015769350811467575,-0.054204861111111224
12,2023-04-28 23:00:00,21.63100512104283,933.895,0.0,58.79417091983828,66,0.18435754189944134,202.42010358472996,2677.434,16.0,22.0052,73.0,69.34,23,4,0,4,1,3,3.714659722222222,3.714817415730337,3.7451047486033517,3.629157381615599,3.7263377808988767,3.7606843575418996,6.674768702947129,7.3272203920876215,4.422579894634989,17.916345398820607,17.870320763500928
12,2023-04-29 01:00:00,0.0,0.0,0.0,0.0,0,0.0,153.1527944177671,300.7833333333333,16.0,22.0052,73.0,69.34,1,5,1,4,1,0,21.63100512104283,3.714659722222222,3.714817415730337,3.604894957983193,3.7569097222222223,3.7341031073446325,6.073952876616597,7.764062439933511,4.266992265162297,-21.63100512104283,-3.7341031073446325
12,2023-04-29 02:00:00,0.0,0.0,0.0,0.0,0,0.0,162.61632681564245,326.27,16.0,22.0052,73.0,69.34,2,5,1,4,1,0,0.0,21.63100512104283,3.714659722222222,3.6381302521008405,3.6706404494382023,3.7882996863416025,5.46759783459979,8.125970722606777,4.109146444898062,0.0,-3.7882996863416025
12,2023-04-29 03:00:00,0.0,0.0,0.0,0.0,0,0.0,194.2388356545961,464.859,16.0,22.0052,73.0,69.34,3,5,1,4,1,0,0.0,0.0,21.63100512104283,3.7451047486033517,3.8474652777777782,3.7173217665615144,4.843413709832564,8.423146794912915,3.954258037958,0.0,-3.7173217665615144
12,2023-05-01 14:00:00,3.8338074074074076,4.17,3.54,0.11948351514907535,0,0.0,628.4726757936508,2191.965,16.0,22.0052,73.0,69.34,14,0,0,5,1,2,3.736880357142857,3.742958333333333,4.2938425925925925,3.744673611111111,3.7225208913649026,3.6687708333333333,3.8288071428571424,0.23666839943188836,3.774491072701181,0.09692705026455073,0.16503657407407424
12,2023-05-01 15:00:00,3.8530277777777777,4.24,3.46,0.1313273809858229,0,0.0,498.8009870701058,797.53,16.0,22.0052,73.0,69.34,15,0,0,5,1,2,3.8338074074074076,3.736880357142857,3.742958333333333,3.631451388888889,3.7328151260504203,3.6414798850574708,3.865736541005291,0.21610845392734462,3.7833055682311927,0.019220370370370166,0.21154789272030694
12,2023-05-01 16:00:00,3.921127314814815,4.46,3.5,0.2022984044784986,0,0.0,1136.4557789351852,2954.895,16.0,22.0052,73.0,69.34,16,0,0,5,1,2,3.8530277777777777,3.8338074074074076,3.736880357142857,3.733902777777778,3.7430555555555554,3.6282451253481893,3.8969406305114638,0.20657209142542615,3.795508992792303,0.0680995370370372,0.2928821894666256
12,2023-05-01 17:00:00,460.99951898148146,1719.79,0.0,694.4468425923683,310,0.8611111111111112,1994.3480491732803,4539.718333333334,16.0,22.0052,73.0,69.34,17,0,0,5,1,2,3.921127314814815,3.8530277777777777,3.8338074074074076,4.2938425925925925,4.152173611111111,3.5964652777777775,80.01455336199294,186.64376611954827,22.853969563779955,457.0783916666666,457.4030537037037
12,2023-05-01 18:00:00,368.23341945996276,1754.5,0.0,698.9186714290349,111,0.3100558659217877,1347.5031799680764,4125.638809523809,16.0,22.0052,73.0,69.34,18,0,0,5,1,2,460.99951898148146,3.921127314814815,3.8530277777777777,3.742958333333333,3.9501875,3.6242339832869077,140.76296354976452,214.14482000785185,38.04601895864145,-92.7660995215187,364.60918547667586
12,2023-05-01 19:00:00,3.7246180555555553,4.02,3.44,0.10441028499054841,0,0.0,333.14533564814815,522.9575,16.0,22.0052,73.0,69.34,19,0,0,5,1,3,368.23341945996276,460.99951898148146,3.921127314814815,3.736880357142857,4.113076388888889,3.569701388888889,140.76091983283328,214.1463893305673,38.05247381975256,-364.5088014044072,0.15491666666666637
12,2023-05-01 20:00:00,3.768895078922934,4.21,3.45,0.12951467557480603,0,0.0,204.8919621634169,434.64,16.0,22.0052,73.0,69.34,20,0,0,5,1,3,3.7246180555555553,368.23341945996276,460.99951898148146,3.8338074074074076,3.744673611111111,3.663972222222222,140.7501011114192,214.15469191373646,38.05684560544842,0.04427702336737882,0.10492285670071189
12,2023-05-01 21:00:00,3.6910376044568243,3.98,3.31,0.10198374202695612,0,0.0,224.6802727483751,796.9433333333333,16.0,22.0052,73.0,69.34,21,0,0,5,1,3,3.768895078922934,3.7246180555555553,368.23341945996276,3.8530277777777777,3.631451388888889,3.7449166666666667,140.72310274919906,214.17541136739143,38.05460064452301,-0.0778574744661098,-0.0538790622098424
12,2023-05-02 05:00:00,3.5793194444444447,3.99,3.3,0.13008938178488058,0,0.0,239.08282816901408,393.71,16.0,22.0052,73.0,69.34,5,1,0,5,1,0,3.5446717877094973,3.609064245810056,3.6863796296296294,3.7286211699164347,460.99951898148146,4.152173611111111,3.654577487975844,0.09103134932468646,38.01708927801378,0.03464765673494741,-0.5728541666666667
12,2023-05-02 06:00:00,3.6401666666666666,4.75,3.24,0.23867198735659467,0,0.0,429.1236150793651,3107.5766666666664,16.0,22.0052,73.0,69.34,6,1,0,5,1,0,3.5793194444444447,3.5446717877094973,3.609064245810056,3.774411764705882,368.23341945996276,3.9501875,3.6322033049693085,0.06968116861749483,38.00417174329156,0.06084722222222183,-0.31002083333333363
12,2023-05-02 07:00:00,3.592347222222222,3.91,3.27,0.10476783721023825,0,0.0,271.93842139550264,407.55666666666673,16.0,22.0052,73.0,69.34,7,1,0,5,1,1,3.6401666666666666,3.5793194444444447,3.5446717877094973,3.7336180555555556,3.7246180555555553,4.113076388888889,3.6086581660804193,0.04950684922955071,37.98247469468045,-0.047819444444444414,-0.5207291666666665
12,2023-05-02 08:00:00,364.68560648148144,1718.88,0.0,670.668277934279,151,0.41944444444444445,881.0395905753968,3294.84,16.0,22.0052,73.0,69.34,8,1,0,5,1,1,3.592347222222222,3.6401666666666666,3.5793194444444447,3.6863796296296294,3.768895078922934,3.744673611111111,63.775195974722386,147.41539620236756,53.02168023094588,361.09325925925924,360.9409328703703
12,2023-05-02 09:00:00,435.7717962962963,1727.96,0.0,693.5593911775809,269,0.7472222222222222,1107.2592455357144,3310.83,16.0,22.0052,73.0,69.34,9,1,0,5,1,1,364.68560648148144,3.592347222222222,3.6401666666666666,3.609064245810056,3.6910376044568243,3.631451388888889,135.80231798313676,206.05366514682672,71.02752793542119,71.08618981481487,432.14034490740744
12,2023-05-02 10:00:00,0.9863425925925925,4.51,0.0,1.6977545896779618,0,0.0,468.6953577050265,2437.3791666666666,16.0,22.0052,73.0,69.34,10,1,0,5,1,1,435.7717962962963,364.68560648148144,3.592347222222222,3.5446717877094973,3.7816319444444444,3.733902777777778,135.37592978395062,206.38446453363372,70.91304626103847,-434.7854537037037,-2.7475601851851854
12,2023-05-02 11:00:00,3.8363198324022343,4.87,3.29,0.2978325339783472,0,0.0,1378.2092817127782,4604.666666666667,16.0,22.0052,73.0,69.34,11,1,0,5,1,1,0.9863425925925925,435.7717962962963,364.68560648148144,3.5793194444444447,3.7286211699164347,4.2938425925925925,135.4187631819436,206.35166463355486,70.89398281269722,2.849977239809642,-0.4575227601903582
12,2023-05-02 12:00:00,3.697541782729805,4.1,3.36,0.13315768441857945,0,0.0,316.29373350798073,841.0880000000001,16.0,22.0052,73.0,69.34,12,1,0,5,1,1,3.8363198324022343,0.9863425925925925,435.7717962962963,3.6401666666666666,3.774411764705882,3.742958333333333,135.42832570128743,206.34433774829364,70.89209045642205,-0.13877804967242913,-0.045416550603528005
12,2023-05-05 17:00:00,3.4484707671957673,3.82,2.89,0.24795500498891518,0,0.0,1064.437919675926,3988.160833333333,16.0,22.0052,73.0,69.34,17,4,0,5,1,2,3.8042478753541076,3.6772569444444443,3.6937952646239554,3.6739066852367683,3.5835555555555554,3.547444134078212,3.668273151195639,0.11727998942395959,3.6398498438103246,-0.3557771081583403,-0.09897336688244485
12,2023-05-05 18:00:00,3.2918061507936507,3.92,2.79,0.29853193225078145,0,0.0,3650.461238888889,6181.29,16.0,22.0052,73.0,69.34,18,4,0,5,1,2,3.4484707671957673,3.8042478753541076,3.6772569444444443,3.689590277777778,3.5376250000000002,3.5536875,3.601975796698284,0.1916632081659429,3.6289381209267275,-0.1566646164021166,-0.2618813492063494
12,2023-05-05 19:00:00,3.7571291079812204,4.44,2.224,0.22641156360411793,0,0.0,608.1945370748299,2088.3366666666666,16.0,22.0052,73.0,69.34,19,4,0,5,1,3,3.2918061507936507,3.4484707671957673,3.8042478753541076,3.696277777777778,3.5538022284122563,3.553958333333333,3.612117685065524,0.19911628049505414,3.6374035698703886,0.46532295718756966,0.20317077464788724
12,2023-05-05 20:00:00,418.107937962963,1749.48,0.0,679.0901059812591,284,0.7888888888888889,946.8647663857678,3246.9,16.0,22.0052,73.0,69.34,20,4,0,5,1,3,3.7571291079812204,3.2918061507936507,3.4484707671957673,3.6937952646239554,3.5491061452513963,3.681686507936508,72.68114146812202,169.22399139307598,20.905164047163158,414.3508088549818,414.4262514550265
12,2023-05-05 21:00:00,371.0650949074074,1754.02,0.0,704.3191904048422,102,0.2833333333333333,918.7916430555556,3398.36,16.0,22.0052,73.0,69.34,21,4,0,5,1,3,418.107937962963,3.7571291079812204,3.2918061507936507,3.6772569444444443,3.625314245810056,3.717541666666667,133.91244779528253,202.4646174809497,36.211312098860695,-47.04284305555558,367.34755324074075
12,2023-05-05 22:00:00,0.0,0.0,0.0,0.0,0,0.0,225.7712002314815,412.3066666666666,16.0,22.0052,73.0,69.34,22,4,0,5,1,3,371.0650949074074,418.107937962963,3.7571291079812204,3.8042478753541076,3.7437116991643458,3.7361327762302694,133.2784064827235,202.95890943555074,36.055639899851094,-371.0650949074074,-3.7361327762302694
12,2023-05-05 23:00:00,0.0,0.0,0.0,0.0,0,0.0,171.44137123623824,378.842,16.0,22.0052,73.0,69.34,23,4,0,5,1,3,0.0,371.0650949074074,418.107937962963,3.4484707671957673,3.6739066852367683,3.7457242339832866,132.70366135485753,203.4044906245899,35.89956805676846,0.0,-3.7457242339832866
12,2023-05-06 00:00:00,0.0,0.0,0.0,0.0,0,0.0,205.31482546296294,1043.505,16.0,22.0052,73.0,69.34,0,5,1,5,1,0,0.0,0.0,371.0650949074074,3.2918061507936507,3.689590277777778,3.660807799442897,132.15502699639194,203.8273590580596,35.74703439845834,0.0,-3.660807799442897
12,2023-05-08 03:00:00,3.5762116991643453,3.94,3.17,0.12103225608731386,0,0.0,211.76803531635494,382.205,16.0,22.0052,73.0,69.34,3,0,0,5,1,0,3.6596180555555557,3.701100278551532,3.718361111111111,3.8042688022284126,3.6597493036211697,3.705090529247911,3.6881503759156087,0.061907691153023386,3.6664075189878935,-0.08340635639121041,-0.1288788300835657
12,2023-05-08 04:00:00,3.6366319444444444,3.94,3.35,0.11820806903063942,0,0.0,205.9736608480471,506.69000000000005,16.0,22.0052,73.0,69.34,4,0,0,5,1,0,3.5762116991643453,3.6596180555555557,3.701100278551532,3.7381111111111114,3.694298611111111,3.7363055555555555,3.671237181471165,0.05933725298928316,3.662254451858264,0.06042024528009904,-0.09967361111111117
12,2023-05-08 05:00:00,3.510886574074074,4.05,0.0,0.47597064310728276,0,0.0,318.3273252314815,1315.08,16.0,22.0052,73.0,69.34,5,0,0,5,1,0,3.6366319444444444,3.5762116991643453,3.6596180555555557,3.7355,3.5900837988826817,3.6823194444444445,3.6338016104835105,0.0784584266447988,3.6551114155928324,-0.1257453703703706,-0.1714328703703707
12,2023-05-08 06:00:00,369.7571634168988,1707.02,0.0,659.3138988557902,194,0.5403899721448467,806.3082383151218,3129.313333333333,16.0,22.0052,73.0,69.34,6,0,0,5,1,0,3.510886574074074,3.6366319444444444,3.5762116991643453,3.718361111111111,3.569189814814815,3.5482869080779946,64.64026866144812,149.47615566136497,18.913814603460363,366.2462768428247,366.20887650882077
12,2023-05-08 07:00:00,366.4655157845868,1703.77,0.0,665.3412287205002,185,0.5153203342618384,791.0780984547022,2949.8100000000004,16.0,22.0052,73.0,69.34,7,0,0,5,1,1,369.7571634168988,3.510886574074074,3.6366319444444444,3.701100278551532,3.6723194444444447,3.575226851851852,125.10100457912067,188.23788119717483,34.03424330899099,-3.2916476323119923,362.89028893273496
12,2023-05-08 08:00:00,3.117201388888889,4.28,0.0,1.187574992969136,0,0.0,357.76492691798944,2422.71,16.0,22.0052,73.0,69.34,8,0,0,5,1,1,366.4655157845868,369.7571634168988,3.510886574074074,3.6596180555555557,3.6743036211699165,3.5018087962962965,125.01060180134289,188.30798625232146,34.018218000349016,-363.3483143956979,-0.3846074074074073
12,2023-05-08 09:00:00,3.941986111111111,4.82,3.34,0.39069827115349126,0,0.0,1607.137397420635,4295.589999999999,16.0,22.0052,73.0,69.34,9,0,0,5,1,1,3.117201388888889,366.4655157845868,369.7571634168988,3.5762116991643453,3.8042688022284126,3.639326388888889,125.071564203334,188.26086408980314,34.03082882210827,0.8247847222222218,0.3026597222222218
12,2023-05-08 10:00:00,3.809534722222222,4.61,3.3,0.3184742452558567,0,0.0,1193.1766011243385,3770.43,16.0,22.0052,73.0,69.34,10,0,0,5,1,1,3.941986111111111,3.117201388888889,366.4655157845868,3.6366319444444444,3.7381111111111114,3.715048611111111,125.10038133296365,188.23857031851458,34.03476574340457,-0.1324513888888892,0.09448611111111083
12,2023-05-10 19:00:00,3.648923611111111,3.99,3.3,0.13093967916654722,0,0.0,242.13880633802816,572.2775,13.5875,,67.75,59.592958860759495,19,2,0,5,1,3,3.566326388888889,3.5724097222222224,3.6193333333333335,3.651576388888889,3.0946794027666935,3.6203726851851856,3.6324673507943874,0.058886636345202845,3.621814881233091,0.08259722222222177,0.02855092592592534
12,2023-05-10 20:00:00,3.6415555555555557,3.98,3.38,0.11460880403999853,0,0.0,273.60497453703704,866.985,13.3625,,69.375,59.596123417721515,20,2,0,5,1,3,3.648923611111111,3.566326388888889,3.5724097222222224,3.667790157845868,3.6273055555555556,3.7285972222222226,3.6280949170793355,0.056671625013742774,3.61818814512198,-0.0073680555555553084,-0.0870416666666669
12,2023-05-10 21:00:00,3.6945138888888893,3.98,3.39,0.10320882272314949,0,0.0,228.4545739171375,830.8733333333332,13.225,,70.75,59.59928797468355,21,2,0,5,1,3,3.6415555555555557,3.648923611111111,3.566326388888889,3.720020891364902,3.6098125,3.677152777777778,3.6238437500000003,0.048807839425980167,3.61891152475161,0.05295833333333366,0.01736111111111116
12,2023-05-10 22:00:00,334.49371160890394,1763.56,0.0,648.2386475287177,162,0.47928994082840237,834.0335131403859,3330.9,13.025591715976331,,72.37204142011835,59.602443169051014,22,2,0,5,1,3,3.6945138888888893,3.6415555555555557,3.648923611111111,3.6193333333333335,3.7084540389972145,3.5957729805013927,58.769573462595105,135.07669844532256,17.40632563426838,330.79919772001506,330.8979386284025
12,2023-05-10 23:00:00,401.2345856610801,1756.23,0.0,687.1961738904594,237,0.6620111731843575,816.7981045823358,3243.98,12.825139664804468,,73.74860335195531,59.60561487872145,23,2,0,5,1,3,334.49371160890394,3.6945138888888893,3.6415555555555557,3.5724097222222224,3.6616666666666666,3.6694220055710307,125.04660278573807,189.2660890461709,33.97154078658126,66.74087405217614,397.565163655509
12,2023-05-11 00:00:00,0.0,0.0,0.0,0.0,0,0.0,220.89486471560846,533.19,12.625,,75.75,59.60878164556963,0,3,0,5,1,0,401.2345856610801,334.49371160890394,3.6945138888888893,3.566326388888889,3.656409722222222,3.7166713091922006,124.4522150542566,189.72893182027494,33.81667948203158,-401.2345856610801,-3.7166713091922006
12,2023-05-11 01:00:00,0.0,0.0,0.0,0.0,0,0.0,151.8529778816819,701.0766666666667,12.462604456824511,,77.37395543175488,59.611942896935936,1,3,0,5,1,0,0.0,401.2345856610801,334.49371160890394,3.648923611111111,3.651576388888889,3.6840320334261842,123.84406111907141,190.19886295636618,33.663178147305494,0.0,-3.6840320334261842
12,2023-05-11 02:00:00,0.0,0.0,0.0,0.0,0,0.0,220.17853017641596,681.8833333333334,12.362534818941503,,78.37465181058496,59.61510965762843,2,3,0,5,1,0,0.0,0.0,401.2345856610801,3.6415555555555557,3.667790157845868,3.6964652777777776,123.23713519314549,190.66438384014603,33.50915876073142,0.0,-3.6964652777777776
12,2023-05-20 08:00:00,3.8950625000000003,4.78,3.3,0.4165760416185229,0,0.0,1666.5390095568782,4613.306666666667,22.575,,38.125,60.31764240506329,8,5,1,5,1,1,3.6084722222222223,3.605965277777778,3.626145833333333,3.6877037037037037,3.752159722222222,3.5862152777777774,3.68428125,0.10938879319993552,3.680026113786194,0.286590277777778,0.30884722222222294
12,2023-05-20 09:00:00,3.5909930555555554,3.98,3.28,0.14277908440413806,0,0.0,541.4448502314815,1631.11,23.35,,34.625,60.32080696202532,9,5,1,5,1,1,3.8950625000000003,3.6084722222222223,3.605965277777778,3.693375,3.6582799442896934,3.610550139275766,3.6672175925925927,0.11550110033902639,3.6792112352978514,-0.30406944444444495,-0.01955708372021059
12,2023-05-20 10:00:00,11.553180555555556,90.39,0.0,25.218592664650608,34,0.09444444444444444,623.2748554122575,2023.81,23.75,,33.25,60.32397151898734,10,5,1,5,1,1,3.5909930555555554,3.8950625000000003,3.6084722222222223,3.6766666666666663,3.754361111111111,3.6186944444444444,4.9799699074074075,3.2222697977919363,4.009814823260815,7.962187500000001,7.934486111111112
12,2023-05-20 11:00:00,480.59748643410853,1762.21,0.0,708.242909503291,310,0.9011627906976745,1988.6613884966778,5684.558333333333,24.072238372093025,,31.638808139534884,60.32709237930528,11,5,1,5,1,1,11.553180555555556,3.5909930555555554,3.8950625000000003,3.626145833333333,3.7499442896935933,3.672032407407407,84.47519334086995,194.08511586839177,23.88170874104003,469.04430587855296,476.9254540267011
12,2023-05-20 12:00:00,53.62241967871486,1758.5,0.0,299.56088774079,13,0.0391566265060241,815.877753846154,5573.685,24.24066265060241,,30.593373493975903,60.33040071679122,12,5,1,5,1,1,480.59748643410853,11.553180555555556,3.5909930555555554,3.605965277777778,3.7235,3.690616246498599,92.81126907435946,190.96611304184637,25.962200550715707,-426.97506675539364,49.93180343221626
12,2023-05-20 13:00:00,0.0,0.0,0.0,0.0,0,0.0,383.2353066479401,2263.25,24.1875,,30.0,60.33346518987342,13,5,1,5,1,2,53.62241967871486,480.59748643410853,11.553180555555556,3.6084722222222223,3.7357847222222222,3.733,92.20985703732242,191.30860104756184,25.806658884049043,-53.62241967871486,-3.733
12,2023-05-20 14:00:00,2.1011527777777776,4.42,0.0,1.977467603837354,0,0.0,562.2361216159612,1856.315,23.6625,,30.75,60.33662974683545,14,5,1,5,1,2,0.0,53.62241967871486,480.59748643410853,3.8950625000000003,3.6877037037037037,3.7553402777777776,91.91087208361871,191.47555638828956,25.737734404882374,2.1011527777777776,-1.6541875
12,2023-05-20 15:00:00,4.059590277777778,4.54,3.73,0.14800609145760704,0,0.0,813.2615339506174,1864.05,22.6125,,33.875,60.33979430379747,15,5,1,5,1,2,2.1011527777777776,0.0,53.62241967871486,3.5909930555555554,3.693375,3.6545069444444445,91.98897162065576,191.43241813088855,25.75461287710459,1.9584375,0.40508333333333324
12,2023-05-23 04:00:00,3.5631458333333335,3.99,3.27,0.11990645836219078,0,0.0,287.6132413690476,453.4,14.8125,,81.0,64.00520833333333,4,1,0,5,1,0,3.604175925925926,3.667674094707521,3.756715277777778,3.7318454038997215,3.6610763888888886,3.6005347222222226,3.664606947883362,0.07074839998296077,3.687334628028383,-0.04103009259259238,-0.03738888888888914
12,2023-05-23 05:00:00,3.5621875000000003,3.97,3.2,0.12907584621956977,0,0.0,325.4965298611111,1199.19,16.7125,,71.125,64.21354166666667,5,1,0,5,1,0,3.5631458333333335,3.604175925925926,3.667674094707521,3.6845208333333335,3.5066180555555553,3.6544999999999996,3.6442180589944733,0.08077823993009663,3.6834882738617165,-0.0009583333333331723,-0.09231249999999935
12,2023-05-23 06:00:00,3.5187291666666667,3.89,3.17,0.12499080572035666,0,0.0,248.89280950476993,655.9920000000001,18.575,25.38,59.25,64.421875,6,1,0,5,1,0,3.5621875000000003,3.5631458333333335,3.604175925925926,3.711409722222222,3.6530347222222224,3.881201388888889,3.6121046330685473,0.08679945849274479,3.6683852646024575,-0.0434583333333336,-0.3624722222222223
12,2023-05-23 07:00:00,119.54535648148148,1722.53,0.0,398.89316341339264,91,0.25277777777777777,453.89535182980603,3448.9115,20.075,,51.5,64.67857142857143,7,1,0,5,1,1,3.5187291666666667,3.5621875000000003,3.5631458333333335,3.756715277777778,3.7359027777777776,3.8554930555555553,22.9102115003525,47.34138584932275,8.488796240682705,116.02662731481482,115.68986342592592
12,2023-05-23 08:00:00,654.3558101851852,1731.415,0.0,782.8508148236396,294,0.8166666666666667,1978.3836058163902,5547.734999999999,21.0375,24.88,48.25,64.90838509316771,8,1,0,5,1,1,119.54535648148148,3.5187291666666667,3.5621875000000003,3.667674094707521,3.678013888888889,3.579814814814815,131.35823418209878,260.381820095731,35.60446271444814,534.8104537037037,650.7759953703704
12,2023-05-23 09:00:00,0.04140740740740739,14.533999999999995,0.0,0.7757675291343784,0,0.0,282.72298206012096,2225.725,21.900284900284902,,46.62464387464387,64.46717453239192,9,1,0,5,1,1,654.3558101851852,119.54535648148148,3.5187291666666667,3.604175925925926,3.7331111111111115,3.601076388888889,130.76443942901236,260.73525086640205,35.45614317355308,-654.3144027777778,-3.5596689814814817
12,2023-05-23 10:00:00,0.0,0.0,0.0,0.0,0,0.0,157.65316653439154,360.7766666666667,22.475,,46.0,63.858695652173914,10,1,0,5,1,1,0.04140740740740739,654.3558101851852,119.54535648148148,3.5631458333333335,3.7318454038997215,3.8115625,130.17058179012346,261.0867322355642,35.29732806938641,-0.04140740740740739,-3.8115625
12,2023-05-23 11:00:00,2.3054341736694677,4.3,0.0,1.876067529586942,0,0.0,891.6673986963473,2599.621666666667,22.63732492997199,,46.0,63.251065643648765,11,1,0,5,1,1,0.0,0.04140740740740739,654.3558101851852,3.5621875000000003,3.6845208333333335,3.882527777777778,129.9611229024017,261.20909478014977,35.2316158358819,2.3054341736694677,-1.5770936041083101
12,2023-05-27 08:00:00,3.58,3.94,3.27,0.12091097463961185,0,0.0,155.6776400462963,363.60333333333335,22.5375,,51.125,63.069148936170215,8,5,1,5,1,1,3.54575,3.5742178770949717,3.6122546296296294,3.7284236111111113,3.7003621169916436,3.644534722222222,3.620568945934913,0.07314241338017144,3.6776412536712666,0.034250000000000114,-0.06453472222222212
12,2023-05-27 09:00:00,3.6117777777777778,3.93,3.22,0.11332481261322444,0,0.0,370.1905967592592,547.824,23.325,,46.875,62.85638297872341,9,5,1,5,1,1,3.58,3.54575,3.5742178770949717,3.7432037037037036,3.759972222222222,3.669751624883937,3.598664624947259,0.04220963949704376,3.6752256767085103,0.03177777777777768,-0.05797384710615905
12,2023-05-27 10:00:00,3.7218680555555554,4.52,3.44,0.22318152474578176,0,0.0,656.8524274140211,2914.41,23.775,,44.25,62.64361702127659,10,5,1,5,1,1,3.6117777777777778,3.58,3.54575,3.6679874651810582,3.760366759517177,3.657061281337047,3.607644723343008,0.06131532347585188,3.6779259589676148,0.11009027777777769,0.06480677421850833
12,2023-05-27 11:00:00,157.04553118908382,1763.2,0.0,456.55583865921784,107,0.3128654970760234,651.8372626705653,3378.83,23.97105263157895,,43.0,62.43505039193729,11,5,1,5,1,1,3.7218680555555554,3.6117777777777778,3.58,3.6122546296296294,3.7846249999999997,3.6311805555555554,29.17985748325204,62.64116120736983,10.070190568697958,153.32366313352827,153.41435063352827
12,2023-05-27 12:00:00,469.41144835680757,1761.59,0.0,729.0632310833138,245,0.6901408450704225,1023.7882,3341.606666666667,24.02507042253521,,43.374647887323945,62.21816002397363,12,5,1,5,1,1,157.04553118908382,3.7218680555555554,3.6117777777777778,3.5742178770949717,3.7099537037037034,3.596833333333333,106.81939589653747,187.93636830602614,29.47913286134272,312.36591716772375,465.81461502347423
12,2023-05-27 13:00:00,1.3401805555555555,3.96,0.0,1.7623812022737373,0,0.0,333.7038972222222,479.0533333333333,23.7125,,44.375,62.00531914893617,13,5,1,5,1,2,469.41144835680757,157.04553118908382,3.7218680555555554,3.54575,3.7056372549019607,3.655722222222222,106.45180098913006,188.1807646048775,29.38265195856494,-468.071267801252,-2.3155416666666664
12,2023-05-27 14:00:00,3.9817847222222227,4.6,3.36,0.31119142540859557,0,0.0,1171.811970436508,2622.9500000000003,23.175,,45.75,61.79255319148936,14,5,1,5,1,2,1.3401805555555555,469.41144835680757,157.04553118908382,3.58,3.7284236111111113,3.677924791086351,106.51876510950042,188.136902667294,29.395312789028935,2.641604166666667,0.3038599311358716
12,2023-05-27 15:00:00,3.7355555555555555,4.59,3.4,0.15848770757047406,0,0.0,334.0276797508819,2511.595,22.5375,26.38,48.5,61.57978723404255,15,5,1,5,1,2,3.9817847222222227,1.3401805555555555,469.41144835680757,3.6117777777777778,3.7432037037037036,3.6853935185185183,106.53939473913006,188.12336819079306,29.39740287390548,-0.24622916666666717,0.050162037037037255
12,2023-05-30 03:00:00,3.6771587743732588,3.98,3.34,0.11050767750396565,0,0.0,188.4775641110669,401.7233333333333,15.237465181058496,,84.0,67.07980205061341,3,1,0,5,1,0,3.6320069444444445,3.6744289693593313,3.662255586592179,3.859162011173184,3.7514455307262566,3.5782222222222226,3.662390695126001,0.02043608944228432,3.670259309825248,0.04515182992881428,0.09893655215103614
12,2023-05-30 04:00:00,3.604874651810585,3.88,3.33,0.10141966244813447,0,0.0,231.82276042960444,365.1638095238095,16.34707520891365,,78.016713091922,67.03727849226576,4,1,0,5,1,0,3.6771587743732588,3.6320069444444445,3.6744289693593313,3.644308659217877,3.6476805555555556,3.6227592592592592,3.655818360558119,0.03101654553462823,3.6695141178482196,-0.07228412256267358,-0.01788460744867404
12,2023-05-30 05:00:00,11.10794212962963,88.76,0.0,24.091246860014607,32,0.08888888888888889,897.7989416666667,2809.1800000000003,18.8125,25.88,64.625,66.52051671732522,5,1,0,5,1,0,3.604874651810585,3.6771587743732588,3.6320069444444445,3.684185236768802,3.6115088207985147,3.640979166666667,4.893111176034924,3.044759204042132,3.9806375746383433,7.5030674778190445,7.466962962962962
12,2023-05-30 06:00:00,496.85912037037036,1749.46,0.0,715.6970520571831,325,0.9027777777777778,2583.8792815145503,7529.94,20.6,,56.75,64.10714285714286,6,1,0,5,1,0,11.10794212962963,3.604874651810585,3.6771587743732588,3.662255586592179,3.603606481481482,3.5299120370370374,87.09258863999794,200.76596694563574,24.536021255193898,485.7511782407407,493.3292083333333
12,2023-05-30 07:00:00,215.9785277777778,1716.8,0.0,561.5666617834937,48,0.13333333333333333,981.8477249007938,5512.610000000001,22.05,25.5,51.875,62.875,7,1,0,5,1,1,496.85912037037036,11.10794212962963,3.604874651810585,3.6744289693593313,3.7024791666666665,3.507444444444445,122.4766051080677,201.82947833961026,33.38898306074946,-280.88059259259256,212.47108333333335
12,2023-05-30 08:00:00,3.6073666666666666,4.04,3.3,0.136921891696961,0,0.0,621.3545358796296,2332.443333333333,23.1,,49.625,63.875,8,1,0,5,1,1,215.9785277777778,496.85912037037036,11.10794212962963,3.6320069444444445,3.6888541666666663,3.524784722222222,122.47249839510475,201.8323803892582,33.39242397510131,-212.37116111111112,0.08258194444444467
12,2023-05-30 09:00:00,3.687939814814815,4.17,2.97,0.18226866367517855,0,0.0,591.2678373015873,1497.66,23.7875,,48.25,64.875,9,1,0,5,1,1,3.6073666666666666,215.9785277777778,496.85912037037036,3.6771587743732588,3.859162011173184,3.5423055555555556,122.47429523517833,201.831111323358,33.398492069237115,0.0805731481481482,0.1456342592592592
12,2023-05-30 10:00:00,4.182263888888889,5.37,3.35,0.5363649963199618,0,0.0,2056.0167470127863,5852.02,24.1375,,47.0,65.875,10,1,0,5,1,1,3.687939814814815,3.6073666666666666,215.9785277777778,3.604874651810585,3.644308659217877,3.732841225626741,122.5705267746914,201.7632263110696,33.4172180135397,0.49432407407407375,0.44942266326214764
12,2023-05-31 17:00:00,3.626604166666667,3.93,3.23,0.11806329263975941,0,0.0,408.26138353174605,678.567238095238,22.5,25.5,61.0,67.5,17,2,0,5,1,2,3.7283749999999998,3.6763749999999997,3.750446759259259,3.6441111111111115,3.5700416666666666,3.883159722222222,3.7067861187185027,0.04721258533499221,3.69264678611089,-0.1017708333333327,-0.256555555555555
12,2023-05-31 18:00:00,3.6516458333333333,3.98,3.27,0.12304607798908426,0,0.0,316.6493439814815,827.1633333333333,22.5,25.5,61.0,67.5,18,2,0,5,1,2,3.626604166666667,3.7283749999999998,3.6763749999999997,3.7154791666666664,3.5637047353760445,3.7264166666666667,3.6961472298296143,0.05182838473086727,3.6895313347220013,0.025041666666666185,-0.07477083333333345
12,2023-05-31 19:00:00,3.6930833333333335,4.04,3.41,0.10672221380396872,0,0.0,372.14085185185183,556.36,22.5,25.5,61.0,67.5,19,2,0,5,1,3,3.6516458333333333,3.626604166666667,3.7283749999999998,3.74343661971831,3.706666666666667,3.7366944444444448,3.6877550154321184,0.04643583273676609,3.6877142050923712,0.04143750000000024,-0.04361111111111127
12,2023-05-31 21:00:00,104.91092163355408,1763.54,0.0,367.5838531410746,91,0.30132450331125826,444.33265196548416,3415.75,22.5,25.5,61.0,67.5,21,2,0,5,1,3,3.6930833333333335,3.6516458333333333,3.626604166666667,3.750446759259259,3.6504305555555554,3.6610833333333335,20.54783416114792,41.3293181617586,7.9064574676015695,101.21783830022075,101.24983830022074
12,2023-05-31 22:00:00,0.0,0.0,0.0,0.0,0,0.0,166.19260577220675,343.125,22.5,25.5,61.0,67.5,22,2,0,5,1,3,104.91092163355408,3.6930833333333335,3.6516458333333333,3.6763749999999997,3.6670416666666665,3.6937152777777778,19.935104994481254,41.65543765434951,7.752552664360828,-104.91092163355408,-3.6937152777777778
12,2023-05-31 23:00:00,0.0,0.0,0.0,0.0,0,0.0,243.90206923995223,493.9235,22.5,25.5,61.0,67.5,23,2,0,5,1,3,0.0,104.91092163355408,3.6930833333333335,3.7283749999999998,3.7265738161559887,3.764194444444444,19.313709161147923,41.97215969714655,7.595711229175643,0.0,-3.764194444444444
12,2023-06-01 00:00:00,0.0,0.0,0.0,0.0,0,0.0,224.53389036596118,537.035,22.5,25.5,61.0,67.5,0,3,0,6,2,0,0.0,0.0,104.91092163355408,3.626604166666667,3.6441111111111115,3.7367548746518104,18.709275133370145,42.26831674837261,7.4400131093984845,0.0,-3.7367548746518104
12,2023-06-10 11:00:00,3.719326388888889,4.06,3.44,0.10317900176271744,0,0.0,387.6875171296296,554.66,28.8375,,34.0,58.5,11,5,1,6,2,1,3.6365277777777782,3.616659722222222,3.602883008356546,0.0,3.744860724233983,3.7408055555555557,3.5694608254668503,0.18340160781491377,2.938485716072268,0.08279861111111053,-0.021479166666666938
12,2023-06-10 12:00:00,3.744652777777778,4.04,3.42,0.09976374036684822,0,0.0,382.9361922949735,690.7733333333333,28.675,,35.125,58.84782608695652,12,5,1,6,2,1,3.719326388888889,3.6365277777777782,3.616659722222222,3.204340277777778,4.64094304388422,3.6710625,3.6595129088001843,0.05814411110198856,2.9415519776463426,0.025326388888889273,0.07359027777777793
12,2023-06-10 13:00:00,3.740715277777778,4.15,3.45,0.11027468951466093,0,0.0,396.9899009259259,624.54,27.925,,38.125,59.19565217391305,13,5,1,6,2,2,3.744652777777778,3.719326388888889,3.6365277777777782,3.6370277777777775,0.0,3.6484375,3.6767941588001842,0.065115408745257,2.94539688505375,-0.003937500000000149,0.0922777777777779
12,2023-06-10 14:00:00,56.00757720979765,947.915,0.0,84.04065474299456,168,0.536741214057508,881.8794379659212,3077.07,27.015015974440896,27.88,41.424920127795524,59.49015525205924,14,5,1,6,2,2,3.740715277777778,3.744652777777778,3.719326388888889,3.602883008356546,0.0,3.519949074074074,12.410909859040368,21.357986466722906,5.1323813907088995,52.26686193201987,52.487628135723575
12,2023-06-10 15:00:00,84.90625,1763.12,0.0,367.87627304061635,30,0.09868421052631579,697.3754306860902,6158.196666666667,25.967105263157894,,46.2203947368421,59.60162374020157,15,5,1,6,2,2,56.00757720979765,3.740715277777778,3.744652777777778,3.616659722222222,0.0,3.7365902777777773,25.959174905336663,35.65871708757885,8.514450545801493,28.898672790202347,81.16965972222222
12,2023-06-10 16:00:00,0.0,0.0,0.0,0.0,0,0.0,401.22233820499616,620.29,24.925,,50.5,59.680851063829785,16,5,1,6,2,2,84.90625,56.00757720979765,3.740715277777778,3.6365277777777782,0.0,3.7221527777777776,25.353086942373704,36.14165091118887,8.359360846727418,-84.90625,-3.7221527777777776
12,2023-06-10 17:00:00,2.4591736111111113,4.08,0.0,1.7911267367734458,0,0.0,466.22301299603174,740.4333333333334,24.0,,54.5,59.765957446808514,17,5,1,6,2,2,0.0,84.90625,56.00757720979765,3.719326388888889,0.0,3.7592037037037036,25.143061479410736,36.295844557454465,8.305192926202727,2.4591736111111113,-1.3000300925925923
12,2023-06-10 18:00:00,3.8594583333333334,4.28,3.47,0.14612050846622807,0,0.0,664.8432369378307,1349.9316666666666,23.425,,57.75,59.851063829787236,18,5,1,6,2,2,2.4591736111111113,0.0,84.90625,3.744652777777778,3.204340277777778,3.7116708333333333,25.162195738669997,36.28233545926397,8.311350738702727,1.4002847222222221,0.14778750000000018
12,2023-06-15 17:00:00,3.7347361111111113,4.08,3.42,0.12056910004041578,0,0.0,376.0031121141975,630.1833333333333,24.4875,27.25,54.875,62.297494172494176,17,3,0,6,2,2,3.741798611111111,3.750506944444444,3.7595555555555555,3.6035833333333334,3.595083333333333,3.692796348314607,3.7269791149389797,0.034379193121439756,3.6862640673801255,-0.0070624999999995275,0.041939762796504354
12,2023-06-15 18:00:00,3.7488402777777776,4.13,3.37,0.13564438766574569,0,0.0,275.62264351851854,978.1816666666668,23.2,,60.25,61.477272727272734,18,3,0,6,2,2,3.7347361111111113,3.741798611111111,3.750506944444444,3.666194134078212,3.551875,3.6682847222222223,3.740753472222241,0.017631469759654846,3.6896205488616065,0.014104166666666362,0.08055555555555527
12,2023-06-15 19:00:00,3.7258680555555554,4.06,3.43,0.12323797079097255,0,0.0,318.9498615023474,668.7466666666667,21.825,,67.375,60.56818181818181,19,3,0,6,2,3,3.7488402777777776,3.7347361111111113,3.741798611111111,3.709083333333333,3.6003351955307266,3.7187569444444444,3.7435509259259447,0.01204962304954503,3.689916845157903,-0.02297222222222217,0.007111111111111068
12,2023-06-15 20:00:00,338.94715413184775,1762.45,0.0,648.7864278238739,192,0.5348189415041783,894.8260663881151,3791.51,20.93774373259053,,74.12395543175488,59.65940744492276,20,3,0,6,2,3,3.7258680555555554,3.7488402777777776,3.7347361111111113,3.7595555555555555,3.573156424581006,3.780933147632312,59.60815068864131,136.8476050445617,17.655176052833546,335.2212860762922,335.16622098421544
12,2023-06-15 21:00:00,257.0149950396825,1763.26,0.0,565.5228671465835,183,0.5446428571428571,691.7859350198412,3308.815,20.386383928571426,,75.62127976190476,58.74661796536797,21,3,0,6,2,3,338.94715413184775,3.7258680555555554,3.7488402777777776,3.750506944444444,3.555425977653631,3.7429513888888892,101.81889870451433,154.13970116474678,28.208177871616613,-81.93215909216525,253.27204365079362
12,2023-06-15 22:00:00,0.0,0.0,0.0,0.0,0,0.0,257.1666310846561,482.8825000000001,19.825,27.5,77.25,57.840909090909086,22,3,0,6,2,3,257.0149950396825,338.94715413184775,3.7258680555555554,3.741798611111111,3.570898328690808,3.7684567039106147,101.19526560266247,154.62268555227047,28.051158842287006,-257.0149950396825,-3.7684567039106147
12,2023-06-15 23:00:00,0.0,0.0,0.0,0.0,0,0.0,159.06056891534394,464.626,19.05,,81.375,57.94642857142857,23,3,0,6,2,3,0.0,257.0149950396825,338.94715413184775,3.7347361111111113,3.6035833333333334,3.775950704225352,100.57280958414394,155.1002751123488,27.89382756294428,0.0,-3.775950704225352
12,2023-06-16 00:00:00,0.0,0.0,0.0,0.0,0,0.0,203.38392566137566,510.4793333333333,18.8375,,81.25,58.66071428571429,0,4,0,6,2,0,0.0,0.0,257.0149950396825,3.7488402777777776,3.666194134078212,3.767075208913649,99.948002871181,155.57515443956234,27.736866095906212,0.0,-3.767075208913649
12,2023-06-18 07:00:00,3.6541319444444444,4.38,3.21,0.24243597485006393,0,0.0,683.1633071869489,2568.4033333333336,18.8375,,85.25,62.47872340425532,7,6,1,6,2,1,3.6670902777777776,3.738375,3.794880952380952,3.7949860724233986,3.715691340782123,3.5720625000000004,3.741990996143833,0.06878962360311063,3.7125276303349573,-0.012958333333333183,0.08206944444444408
12,2023-06-18 08:00:00,3.860583333333333,5.31,3.33,0.4624519172476383,0,0.0,1576.2451733796297,5751.2,18.9,27.12,84.0,62.15791223404255,8,6,1,6,2,1,3.6541319444444444,3.6670902777777776,3.738375,3.7754874651810586,3.6789791666666662,3.5222117654861385,3.756173640835879,0.08413715720968067,3.7266264456619242,0.2064513888888886,0.3383715678471946
12,2023-06-18 09:00:00,16.56319212962963,90.85,0.0,30.45620014633305,54,0.15,1446.7708673611112,2690.2733333333326,19.0875,,84.0,63.09375,9,6,1,6,2,1,3.860583333333333,3.6541319444444444,3.6670902777777776,3.8219803370786516,3.8295903165735568,3.516930291005291,5.879708939594376,5.234393458018067,4.270220688937939,12.702608796296298,13.04626183862434
12,2023-06-18 10:00:00,667.724942200557,1752.42,0.0,797.9646477370637,313,0.871866295264624,1622.7346476525822,3622.37,19.28718662952646,,84.75208913649026,64.34505571030641,10,6,1,6,2,1,16.56319212962963,3.860583333333333,3.6541319444444444,3.794880952380952,3.779491643454039,3.451315343915344,116.53471914762372,270.07575713197735,31.948288474631344,651.1617500709274,664.2736268566417
12,2023-06-18 11:00:00,0.10015972222222222,36.0575,0.0,1.900397112192021,1,0.002777777777777778,310.5812857142857,612.9200000000001,19.2875,,83.75,65.59375,11,6,1,6,2,1,667.724942200557,16.56319212962963,3.860583333333333,3.738375,3.7683190883190885,3.761361111111111,115.92834993466074,270.3835639331051,31.795738416760972,-667.6247824783349,-3.661201388888889
12,2023-06-18 12:00:00,1.6314930555555556,4.08,0.0,1.8801129201646438,0,0.0,340.8171209474347,572.5866666666667,20.0875,27.439999999999998,77.75,65.515625,12,6,1,6,2,1,0.10015972222222222,667.724942200557,16.56319212962963,3.6670902777777776,3.7569925512104283,3.7754305555555554,115.58908373095704,270.5538204088748,31.706407687594307,1.5313333333333334,-2.1439375
12,2023-06-18 13:00:00,3.8418125,4.45,3.47,0.16315919301931245,0,0.0,638.8861585648149,1712.7633333333335,21.275,,72.5,62.106382978723396,13,6,1,6,2,2,1.6314930555555556,0.10015972222222222,667.724942200557,3.6541319444444444,3.7949860724233986,3.795398148148148,115.62036382354965,270.53830117550433,31.70834161892147,2.2103194444444445,0.046414351851852054
12,2023-06-20 17:00:00,3.637660167130919,4.48,3.19,0.2438579844771706,0,0.0,560.3837054980767,3029.2200000000003,25.585515320334263,,52.39275766016713,64.73909006499537,17,1,0,6,2,2,3.616016713091922,3.6075,3.5933680555555556,3.729840277777778,3.5994652777777776,3.728263888888889,3.64604722695074,0.05447819221993324,3.678317116984387,0.021643454038997145,-0.0906037217579696
12,2023-06-20 18:00:00,3.5897708333333336,3.95,3.3,0.11751666560825515,0,0.0,314.4385009259259,657.7966666666666,23.875,,66.0,65.69047619047619,18,1,0,6,2,2,3.637660167130919,3.616016713091922,3.6075,3.735388888888889,3.577236227824463,3.594145833333333,3.6217775510248136,0.036028777501235336,3.67813482531772,-0.04788933379758564,-0.004374999999999574
12,2023-06-20 19:00:00,3.7400902777777776,4.19,3.33,0.1296456045313371,0,0.0,377.9377923430736,932.0083333333332,22.775,27.25,71.375,66.64285714285714,19,1,0,6,2,3,3.5897708333333336,3.637660167130919,3.616016713091922,3.686349537037037,3.5797562674094707,3.750041666666667,3.6307343411482704,0.05628033304705069,3.677720184114017,0.150319444444444,-0.009951388888889579
12,2023-06-20 20:00:00,64.15148441135412,1763.145,0.0,248.5392697479209,90,0.2931596091205212,825.8988045602606,5375.8933333333325,22.43102605863192,,70.75895765472313,66.73941368078177,20,1,0,6,2,3,3.7400902777777776,3.5897708333333336,3.637660167130919,3.5933680555555556,3.6981615598885798,3.7750763888888885,13.723753733781365,24.704499134530366,6.1934038517167345,60.411394133576344,60.37640802246523
12,2023-06-20 21:00:00,388.3491473429952,1762.59,0.0,666.2085922150735,253,0.7333333333333333,992.9546645387625,3539.8,22.269565217391303,,69.15217391304348,66.23997303673745,21,1,0,6,2,3,64.15148441135412,3.7400902777777776,3.5897708333333336,3.6075,3.6812291666666668,3.7415616246498598,77.84736162428057,154.02752078854303,22.218719923314456,324.19766293164105,384.6075857183453
12,2023-06-20 22:00:00,0.048386871508379885,17.322499999999998,0.0,0.9155225730171324,0,0.0,206.2197956903432,773.0799999999999,21.561871508379888,,72.87849162011173,65.77874496557101,22,1,0,6,2,3,388.3491473429952,64.15148441135412,3.7400902777777776,3.616016713091922,3.6950555555555558,3.6843668528864058,77.25275665068331,154.37788207909585,22.0672207574237,-388.3007604714868,-3.635979981378026
12,2023-06-20 23:00:00,0.0,0.0,0.0,0.0,0,0.0,205.7176077949438,613.7700000000001,20.475,,79.0,65.31395348837209,23,1,0,6,2,3,0.048386871508379885,388.3491473429952,64.15148441135412,3.637660167130919,3.729840277777778,3.731204481792717,76.64647995616149,154.73154360207306,21.911753904015672,-0.048386871508379885,-3.731204481792717
12,2023-06-21 00:00:00,0.0,0.0,0.0,0.0,0,0.0,242.99409261106675,518.1663333333333,19.30167597765363,,85.11871508379889,64.8498116149149,0,2,0,6,2,0,0.0,0.048386871508379885,388.3491473429952,3.5897708333333336,3.735388888888889,3.7466922005571033,76.0481848172726,155.07708104473377,21.75564172899246,0.0,-3.7466922005571033
12,2023-06-23 17:00:00,3.7008148148148146,4.09,3.32,0.1252264570648773,0,0.0,341.305675,590.7900000000001,27.8125,,36.5,47.833333333333336,17,4,0,6,2,2,3.7215363128491616,3.697688022284123,3.7150555555555558,3.633625,3.6023819444444447,3.6462013888888887,3.7041280527691467,0.01149736567750868,3.6891693633485336,-0.020721498034347086,0.054613425925925885
12,2023-06-23 18:00:00,3.7480763888888884,4.1,3.42,0.1189430781830021,0,0.0,351.78412827715357,994.7,26.55,28.62,41.25,47.06382978723404,18,4,0,6,2,2,3.7008148148148146,3.7215363128491616,3.697688022284123,3.697423611111111,3.659111111111111,3.7047222222222222,3.712570182398776,0.02059046614945114,3.6909757869596453,0.04726157407407383,0.04335416666666614
12,2023-06-23 19:00:00,3.7094236111111107,4.03,3.38,0.12571106001811833,0,0.0,296.64644074074073,589.8383333333334,25.2375,,48.375,47.234042553191486,19,4,0,6,2,3,3.7480763888888884,3.7008148148148146,3.7215363128491616,3.69225,3.682770833333333,3.730590277777778,3.7154324509172945,0.01826292469991915,3.6900938425152003,-0.03865277777777765,-0.021166666666667222
12,2023-06-23 20:00:00,58.623085511982566,1762.37,0.0,200.7302909079082,116,0.3790849673202614,436.1350230078563,3348.15,23.888970588235292,,56.213235294117645,47.39424280350438,20,4,0,6,2,3,3.7094236111111107,3.7480763888888884,3.7008148148148146,3.7150555555555558,3.666197771587744,3.7049374999999998,12.866770776988462,22.415932161099338,5.978350009681141,54.91366190087145,54.91814801198257
12,2023-06-23 21:00:00,411.40869201725997,1763.08,0.0,684.8320659074798,226,0.7313915857605178,996.5453789104639,3310.895,22.718203883495146,,61.939320388349515,47.5639330716794,21,4,0,6,2,3,58.623085511982566,3.7094236111111107,3.7480763888888884,3.697688022284123,3.575020891364902,3.7574210770659238,80.8186047761511,163.43760308905698,22.963819632189228,352.7856065052774,407.651270940194
12,2023-06-23 23:00:00,0.0,0.0,0.0,0.0,0,0.0,261.19703525132275,550.84,21.075,,68.125,47.914893617021285,23,4,0,6,2,3,411.40869201725997,58.623085511982566,3.7094236111111107,3.7215363128491616,3.6124930555555554,3.739361111111111,80.19834872400958,163.79537913163972,22.808012919226258,-411.40869201725997,-3.739361111111111
12,2023-06-24 00:00:00,0.0,0.0,0.0,0.0,0,0.0,232.68879738756615,522.18,20.5125,,70.375,48.08510638297873,0,5,1,6,2,0,0.0,411.40869201725997,58.623085511982566,3.7008148148148146,3.633625,3.7302569444444442,79.58154625487377,164.14764749855044,22.652585546541076,0.0,-3.7302569444444442
12,2023-06-24 01:00:00,0.0,0.0,0.0,0.0,0,0.0,236.558091005291,582.87,20.0875,,71.0,48.25531914893617,1,5,1,6,2,0,0.0,0.0,411.40869201725997,3.7480763888888884,3.697423611111111,3.7513680555555555,78.95686685672563,164.50070936189934,22.49627854422626,0.0,-3.7513680555555555
12,2023-06-27 19:00:00,3.724826388888889,4.05,3.44,0.09938330595348416,0,0.0,313.66974063670415,554.48,25.175,,61.0,50.916666666666664,19,1,0,6,2,3,3.729,3.6832638888888884,3.7407638888888886,3.6759722222222218,3.4948402777777776,3.7559513888888887,3.7461739969135994,0.09419860747415582,3.685313352830395,-0.004173611111111253,-0.031124999999999847
12,2023-06-27 20:00:00,3.625951388888889,3.94,3.36,0.10956650972708708,0,0.0,353.85769886363636,648.8266666666667,24.6875,,60.25,52.02777777777778,20,1,0,6,2,3,3.724826388888889,3.729,3.6832638888888884,3.6693611111111113,3.602861111111111,3.751333333333333,3.738939043209895,0.10257297594857764,3.68008910514521,-0.09887500000000005,-0.1253819444444444
12,2023-06-27 21:00:00,8.872736111111111,89.83,0.0,20.509049752922124,23,0.06388888888888888,254.9315668320106,912.965,24.2,29.62,60.875,52.85076832151301,21,1,0,6,2,3,3.625951388888889,3.724826388888889,3.729,3.9298287037037034,3.6124768518518517,3.72953677839851,4.562756944444463,2.1118704478502193,3.894389077341568,5.246784722222222,5.1431993327126015
12,2023-06-27 22:00:00,553.7050004642525,1761.13,0.0,749.1556779849898,324,0.9025069637883009,1276.2998530516431,3501.015,23.28864902506964,,66.991643454039,52.52172109287027,22,1,0,6,2,3,8.872736111111111,3.625951388888889,3.724826388888889,3.7407638888888886,3.798962395543176,3.758921568627451,96.2234630403384,224.12885475874822,26.808809031325946,544.8322643531415,549.9460788956251
12,2023-06-27 23:00:00,93.17250696378831,1758.01,0.0,392.39734444750246,21,0.0584958217270195,426.19197804532575,3367.25,22.299164345403902,,73.5041782729805,52.09530018372548,23,1,0,6,2,3,553.7050004642525,8.872736111111111,3.625951388888889,3.6832638888888884,3.702277777777778,3.665388888888889,111.13833688615499,219.67230903339254,30.53827228444676,-460.5324935004642,89.50711807489942
12,2023-06-28 00:00:00,0.0,0.0,0.0,0.0,0,0.0,220.46465666266508,613.2991666666667,21.500840336134456,,77.49579831932773,51.67065975326301,0,2,0,6,2,0,93.17250696378831,553.7050004642525,8.872736111111111,3.729,3.621569444444445,3.711343109869646,110.51683688615498,220.0419339500126,30.38363298820219,-93.17250696378831,-3.711343109869646
12,2023-06-28 01:00:00,0.0,0.0,0.0,0.0,0,0.0,244.40436576469028,543.8783333333333,20.73774373259053,,81.12395543175488,51.24482901677236,1,2,0,6,2,0,0.0,93.17250696378831,553.7050004642525,3.724826388888889,3.6759722222222218,3.7291944444444445,109.89603248800682,220.40843396883741,30.228249886350337,0.0,-3.7291944444444445
12,2023-06-28 02:00:00,0.0,0.0,0.0,0.0,0,0.0,206.07900401246852,464.7733333333333,20.112674094707522,,83.74930362116991,50.81929710187874,2,2,0,6,2,0,0.0,0.0,93.17250696378831,3.625951388888889,3.6693611111111113,3.6937430167597762,109.29170725652534,220.76277104115917,30.07434392731868,0.0,-3.6937430167597762
12,2023-09-10 17:00:00,3.5791689944134077,3.86,3.26,0.11074182034198042,0,0.0,195.55709006458363,669.5425,22.450837988826816,27.62,57.745810055865924,55.563473196243905,17,6,1,9,3,2,3.624937150837989,3.639245810055866,3.693138888888889,3.688680167597765,3.6390320334261834,3.6906111111111106,3.6450925150010534,0.040187303082558815,3.7004923469877498,-0.0457681564245811,-0.11144211669770288
12,2023-09-10 18:00:00,3.6737359550561797,4.01,3.26,0.1074877153776814,0,0.0,212.07081835205994,465.7583333333333,22.162499999999998,,59.375,55.73404255319149,18,6,1,9,3,2,3.5791689944134077,3.624937150837989,3.639245810055866,3.67,4.098020833333333,3.721023676880223,3.645715174177084,0.040676367261026324,3.6985220252450812,0.09456696064277192,-0.047287721824043505
12,2023-09-10 19:00:00,3.7389623955431754,4.07,3.37,0.11491823352974624,0,0.0,201.6077555323429,334.2,21.950139275766016,,60.37465181058496,55.90419605286552,19,6,1,9,3,3,3.6737359550561797,3.5791689944134077,3.624937150837989,3.6640642458100556,3.6349583333333335,3.715340277777778,3.658198199132604,0.05602898296103698,3.6995062801519722,0.06522644048699577,0.023622117765397466
12,2023-09-10 20:00:00,429.7966640946502,1762.95,0.0,698.6864696485867,224,0.691358024691358,1034.2805412574405,3378.8749999999995,21.505555555555556,,61.77777777777778,56.07683215130024,20,6,1,9,3,3,3.7389623955431754,3.6737359550561797,3.5791689944134077,3.693138888888889,3.541,3.864527777777778,74.67545240009282,173.97316127823012,21.446678626688325,426.05770169910704,425.93213631687246
12,2023-09-10 21:00:00,69.87354166666667,1730.79,0.0,335.6983843300544,17,0.04722222222222222,334.12922470238095,3516.075833333334,21.0125,,63.375,56.24468085106383,21,6,1,9,3,3,429.7966640946502,3.7389623955431754,3.6737359550561797,3.639245810055866,3.589256944444444,3.7109513888888888,85.71450170952797,170.63355840382505,24.203453221595733,-359.92312242798357,66.16259027777778
12,2023-09-10 22:00:00,0.0,0.0,0.0,0.0,0,0.0,237.69247343812177,781.4766666666667,20.474373259052925,,64.75208913649026,56.415071415871516,22,6,1,9,3,3,69.87354166666667,429.7966640946502,3.7389623955431754,3.624937150837989,3.6483194444444442,3.672006944444444,85.11034551772163,170.98838874813146,24.050452932243882,-69.87354166666667,-3.672006944444444
12,2023-09-10 23:00:00,0.0,0.0,0.0,0.0,0,0.0,158.1763773753633,489.5296666666667,19.950139275766016,,66.74930362116991,56.585047116695314,23,6,1,9,3,3,0.0,69.87354166666667,429.7966640946502,3.5791689944134077,3.688680167597765,3.6821944444444443,84.51381735198606,171.33560548068616,23.897028163725363,0.0,-3.6821944444444443
12,2023-09-11 00:00:00,0.0,0.0,0.0,0.0,0,0.0,228.82414175177965,549.7433333333333,19.58760445682451,,69.49860724233983,56.75525988265276,0,0,0,9,3,0,0.0,0.0,69.87354166666667,3.6737359550561797,3.67,3.7569027777777775,83.90152802614337,171.68847701636707,23.74049054798462,0.0,-3.7569027777777775
12,2023-09-21 01:00:00,3.7846857541899444,4.11,3.37,0.13736346312236805,0,0.0,272.243355025716,535.95,18.787290502793294,,83.12709497206704,50.22851539284441,1,3,0,9,3,0,3.7819583333333338,3.7635277777777776,3.7381545961002782,3.7639791666666667,3.7097731481481486,3.723238425925926,3.7492019329303665,0.04313715028355613,3.6708218117509284,0.002727420856610596,0.06144732826401844
12,2023-09-21 02:00:00,3.8121008403361345,4.18,3.47,0.12606093998213536,0,0.0,175.53572228335779,698.1916666666666,18.487605042016806,,85.37464985994397,49.930955360867756,2,3,0,9,3,0,3.7846857541899444,3.7819583333333338,3.7635277777777776,3.6682361111111113,3.597081018518519,3.708805865921788,3.7731793878012034,0.025516139482335092,3.6751257690181927,0.02741508614619015,0.10329497441434654
12,2023-09-21 03:00:00,17.142421077065922,90.43,0.0,31.297706630762004,57,0.15877437325905291,262.9245819958438,438.6566666666666,18.224791086350976,,86.37604456824512,49.63266757541634,3,3,0,9,3,0,3.8121008403361345,3.7846857541899444,3.7819583333333338,3.758649025069638,3.7115208333333336,3.6501875000000004,6.003808063133917,5.456838679274,4.237302168062606,13.330320236729788,13.492233577065921
12,2023-09-21 04:00:00,704.6041480965645,1725.91,0.0,787.602707939587,323,0.8997214484679665,1565.277959280303,5186.089999999999,18.21281337047354,,86.62395543175488,49.334795234990814,4,3,0,9,3,0,17.142421077065922,3.8121008403361345,3.7846857541899444,3.7381545961002782,3.69625,3.601909722222222,122.81480697987796,285.067476413387,33.44572876699353,687.4617270194985,701.0022383743423
12,2023-09-21 05:00:00,10.26886111111111,1701.87,0.0,126.64429296231609,6,0.016666666666666666,435.2131280974427,3702.795,19.6,28.685000000000002,78.125,48.680851063829785,5,3,0,9,3,0,704.6041480965645,17.142421077065922,3.8121008403361345,3.7635277777777776,3.7049861111111113,3.551513888888889,123.89902920210018,284.5359942672845,33.72561823458613,-694.3352869854533,6.717347222222221
12,2023-09-21 06:00:00,0.0,0.0,0.0,0.0,0,0.0,264.586903968254,1229.8775,22.725,,57.125,47.8125,6,3,0,9,3,0,10.26886111111111,704.6041480965645,17.142421077065922,3.7819583333333338,3.7450416666666664,3.5844513888888887,123.26870281321129,284.85931089692406,33.57626609338242,-10.26886111111111,-3.5844513888888887
12,2023-09-21 07:00:00,1.9051250000000002,3.84,0.0,1.8157337021405793,0,0.0,284.3820793705908,508.57,25.3875,,41.75,48.3125,7,3,0,9,3,1,0.0,10.26886111111111,704.6041480965645,3.7846857541899444,3.7639791666666667,3.5588124999999997,122.95544268751297,285.01797624675424,33.50736244754909,1.9051250000000002,-1.6536874999999995
12,2023-09-24 17:00:00,3.671506944444445,3.98,3.31,0.11588584855766482,0,0.0,407.5433839954521,632.01,27.0625,31.25,56.5,52.94117647058824,17,6,1,9,3,2,3.710132311977716,4.002097222222223,3.714236111111111,3.6848055555555557,3.730370111731844,3.6139722222222224,3.754204922366675,0.12257441418468598,3.7610373098232306,-0.03862536753327106,0.057534722222222445
12,2023-09-24 18:00:00,3.732395833333333,4.12,3.45,0.1172473558836149,0,0.0,265.47031220657277,560.0350000000001,26.0875,,60.125,54.117647058823536,18,6,1,9,3,2,3.671506944444445,3.710132311977716,4.002097222222223,3.713840277777778,3.73575,3.7032033426183846,3.757297514959268,0.12158238533735781,3.7622536636030204,0.060888888888888104,0.029192490714948338
12,2023-09-24 19:00:00,3.7314814814814814,4.05,3.34,0.11870788785799255,0,0.0,360.79619675925926,1422.253333333333,25.025,,63.125,55.29411764705882,19,6,1,9,3,3,3.732395833333333,3.671506944444445,3.710132311977716,3.7134166666666664,3.651597222222222,3.7586805555555554,3.7603083174284038,0.12049724583591788,3.7611203688499337,-0.0009143518518515137,-0.02719907407407396
12,2023-09-24 20:00:00,35.38617880794702,1305.1266666666668,0.0,86.18121976442335,92,0.304635761589404,470.3939594519016,3334.13,24.18791390728477,,65.60596026490066,56.38585897935333,20,6,1,9,3,3,3.7314814814814814,3.732395833333333,3.671506944444445,3.714236111111111,3.8161805555555555,3.732388888888889,9.038965433567723,12.907988486728074,5.080028282144022,31.654697326465538,31.65378991905813
12,2023-09-24 22:00:00,0.0,0.0,0.0,0.0,0,0.0,390.3064289772728,703.7325,22.775,,70.5,56.0,22,6,1,9,3,3,35.38617880794702,3.7314814814814814,3.732395833333333,4.002097222222223,3.683076388888889,3.7976736111111107,8.371949229864018,13.317238639464804,4.9217918816810595,-35.38617880794702,-3.7976736111111107
12,2023-09-24 23:00:00,0.0,0.0,0.0,0.0,0,0.0,357.42047726056717,705.8550000000001,22.2125,,74.125,54.666666666666664,23,6,1,9,3,3,0.0,35.38617880794702,3.7314814814814814,3.710132311977716,3.8396319444444442,3.8214385474860335,7.753593844534399,13.65874841658931,4.762565275535808,0.0,-3.8214385474860335
12,2023-09-25 00:00:00,0.0,0.0,0.0,0.0,0,0.0,385.387410440613,947.21,21.8625,,77.125,53.333333333333336,0,0,0,9,3,0,0.0,0.0,35.38617880794702,3.671506944444445,3.6848055555555557,3.868892757660167,7.1416760204603245,13.957185712341891,4.601361410633301,0.0,-3.868892757660167
12,2023-09-26 10:00:00,3.788972222222222,5.055,3.3,0.3231637421496622,0,0.0,1274.2194187830687,4662.185833333334,26.0,,53.5,60.14772727272728,10,1,0,9,3,1,3.6933680555555553,3.8506388888888887,3.5689444444444445,3.6705454967502322,3.826668994413408,3.7048125,3.680958619929473,0.13529567018162042,3.755039590205055,0.09560416666666693,0.08415972222222212
12,2023-09-26 11:00:00,4.198722222222222,5.79,3.44,0.5756034128806381,0,0.0,2426.254579530423,8463.645,26.6875,,50.25,59.32954545454545,11,1,0,9,3,1,3.788972222222222,3.6933680555555553,3.8506388888888887,3.69799708994709,3.7485,3.886625,3.764412808641995,0.25200230973787513,3.7680436411309803,0.40974999999999984,0.312097222222222
12,2023-09-26 12:00:00,3.6727129629629633,4.21,3.2,0.16942090824965284,0,0.0,582.4505232142857,1855.295,26.9625,,49.0,58.51136363636363,12,1,0,9,3,1,4.198722222222222,3.788972222222222,3.6933680555555553,3.4858310185185184,3.7761838440111424,4.019472222222222,3.7955597993827355,0.22022990636244735,3.7535953386618446,-0.5260092592592587,-0.346759259259259
12,2023-09-26 13:00:00,108.77410399257197,1762.08,0.0,371.0970470178695,103,0.28690807799442897,849.1133060750763,3505.389333333333,26.750417827298048,30.814999999999998,49.37395543175487,57.62534818941504,13,1,0,9,3,2,3.6727129629629633,4.198722222222222,3.788972222222222,3.5689444444444445,3.7813857938718662,3.7298958333333334,21.329753057403988,42.83923036937697,8.130437345296789,105.101391029609,105.04420815923864
12,2023-09-26 14:00:00,568.3660294117647,1763.46,0.0,778.4580302560715,265,0.742296918767507,1805.7549028611443,5524.98,26.237254901960785,,50.75070028011204,57.5,14,1,0,9,3,2,108.77410399257197,3.6727129629629633,4.198722222222222,3.8506388888888887,3.78645251396648,3.7306944444444445,115.41565147788329,225.83455396338212,31.656909635601796,459.5919254191927,564.6353349673202
12,2023-09-26 15:00:00,1.2456944444444444,4.18,0.0,1.7906586581625807,0,0.0,592.1679830357143,2052.460833333333,25.35,,53.875,57.5,15,1,0,9,3,2,568.3660294117647,108.77410399257197,3.6727129629629633,3.6933680555555553,3.7348537604456826,3.703622685185185,115.00770587603144,226.07880961179563,31.554495958904266,-567.1203349673202,-2.45792824074074
12,2023-09-26 16:00:00,3.8499305555555554,4.15,3.3,0.11507050356532239,0,0.0,588.8807703152557,1906.695,24.375,,58.125,57.5,16,1,0,9,3,2,1.2456944444444444,568.3660294117647,108.77410399257197,3.788972222222222,3.6705454967502322,3.7755833333333335,115.01786559825366,226.07281325128565,31.557593759830194,2.6042361111111108,0.0743472222222219
12,2023-09-26 17:00:00,3.9015555555555554,4.2,3.44,0.133991943474692,0,0.0,754.5913388558201,1077.4665,23.7375,,61.5,57.5,17,1,0,9,3,2,3.8499305555555554,1.2456944444444444,568.3660294117647,4.198722222222222,3.69799708994709,3.689090277777778,114.9683378204759,226.10197768160117,31.566446479737603,0.05162500000000003,0.21246527777777757
12,2023-09-29 07:00:00,4.133541666666667,5.13,3.23,0.3930603070068122,0,0.0,2624.8406103174602,5452.48,19.2,,83.0,58.17857142857143,7,4,0,9,3,1,3.999666666666667,3.6305555555555555,3.642694444444444,3.7699303621169915,3.7705694444444444,3.592792479108635,3.8007293412477097,0.21521921005458125,3.739139805933979,0.13387499999999974,0.5407491875580317
12,2023-09-29 08:00:00,3.7414791666666662,5.06,3.24,0.3700050104823347,0,0.0,1173.5279664351851,5418.391666666666,19.2,,83.0,57.32142857142857,8,4,0,9,3,1,4.133541666666667,3.999666666666667,3.6305555555555555,3.7564385474860336,3.7938997214484678,3.4993703703703702,3.7982361111111484,0.21592042676845102,3.749227672446325,-0.39206250000000065,0.242108796296296
12,2023-09-29 09:00:00,3.8384166666666664,4.69,3.23,0.36707075627380303,0,0.0,1387.265961441799,3310.99,19.2,,83.0,56.46428571428571,9,4,0,9,3,1,3.7414791666666662,4.133541666666667,3.999666666666667,3.641479166666666,3.7881041666666664,3.6535364145658265,3.8310590277778154,0.20183450039153703,3.75693101628386,0.09693750000000012,0.18488025210083991
12,2023-09-29 10:00:00,382.1614498607242,1676.5,0.0,634.9888840087675,288,0.8022284122562674,1626.0414965404966,5516.030000000001,19.2,,83.0,55.6074413052129,10,4,0,9,3,1,3.8384166666666664,3.7414791666666662,4.133541666666667,3.642694444444444,3.8272858472998137,3.5526114206128137,66.91751826382445,154.43745970377344,19.532299284621832,378.32303319405753,378.60883844011136
12,2023-09-29 11:00:00,330.15963657407406,1680.91,0.0,655.9929061483285,93,0.25833333333333336,1526.0018184193123,4839.27,19.2,,83.0,54.75,11,4,0,9,3,1,382.1614498607242,3.8384166666666664,3.7414791666666662,3.6305555555555555,3.807910863509749,3.629233983286908,121.33903176691086,182.63384747116467,33.137732725904634,-52.00181328665013,326.53040259078716
12,2023-09-29 12:00:00,0.0,0.0,0.0,0.0,0,0.0,1539.1131032863848,2890.15,19.2,,83.0,53.892857142857146,12,4,0,9,3,1,330.15963657407406,382.1614498607242,3.8384166666666664,3.999666666666667,3.747923611111111,3.7587569444444444,120.67242065579974,183.15434967063462,32.981117853219445,-330.15963657407406,-3.7587569444444444
12,2023-09-29 13:00:00,3.382722222222222,4.15,0.0,1.117400322677775,0,0.0,306.791281712963,1129.275,19.2,,83.0,53.03571428571429,13,4,0,9,3,2,0.0,330.15963657407406,382.1614498607242,4.133541666666667,3.7699303621169915,3.7871378830083566,120.54728408172566,183.25012856966197,32.96426720068669,3.382722222222222,-0.40441566078613445
12,2023-09-29 14:00:00,1.4194074074074075,4.38,0.0,1.8943862123925375,0,0.0,958.9285597552911,1876.68,19.2,27.75,83.0,52.453125,14,4,0,9,3,2,3.382722222222222,0.0,330.15963657407406,3.7414791666666662,3.7564385474860336,3.7369893221912722,120.16027212184912,183.5483611332569,32.86770128757069,-1.9633148148148147,-2.3175819147838648
